sid,sku,productname,price,date
1,sku1,Product-1,100,01/01/01
2,sku2,Product-2,101,02/01/01
3,sku3,Product-3,102,03/01/01
4,sku4,Product-4,103,04/01/01
5,sku5,Product-5,104,05/01/01
6,sku6,Product-6,105,06/01/01
7,sku7,Product-7,106,07/01/01
8,sku8,Product-8,107,08/01/01
9,sku9,Product-9,108,09/01/01
10,sku10,Product-10,109,10/01/01
11,sku11,Product-11,110,11/01/01
12,sku12,Product-12,111,12/01/01
13,sku13,Product-13,112,13/01/01
14,sku14,Product-14,113,14/01/01
15,sku15,Product-15,114,15/01/01
16,sku16,Product-16,115,16/01/01
17,sku17,Product-17,116,17/01/01
18,sku18,Product-18,117,18/01/01
19,sku19,Product-19,118,19/01/01
20,sku20,Product-20,119,20/01/01
21,sku21,Product-21,120,21/01/01
22,sku22,Product-22,121,22/01/01
23,sku23,Product-23,122,23/01/01
24,sku24,Product-24,123,24/01/01
25,sku25,Product-25,124,25/01/01
